TXNAME,barcode87
tx10_ENSG00000157168,7238.14582280333
tx11_ENSG00000157168,824826.346312888
tx12_ENSG00000157168,2958.89704789097
tx13_ENSG00000157168,5670.92277338213
tx1_ENSG00000157168,5816.65940657478
tx8_ENSG00000157168,151470.12703853
tx9_ENSG00000157168,2018.90159793101
