TXNAME,barcode87
tx10_ENSG00000157168,0.00723814582280333
tx11_ENSG00000157168,0.824826346312888
tx12_ENSG00000157168,0.00295889704789097
tx13_ENSG00000157168,0.00567092277338213
tx1_ENSG00000157168,0.00581665940657478
tx8_ENSG00000157168,0.15147012703853
tx9_ENSG00000157168,0.00201890159793101
