TXNAME,barcode91
tx1_ENSG00000157168,133444.031300539
tx2_ENSG00000157168,632958.309548416
tx4_ENSG00000157168,17759.5337247415
tx7_ENSG00000157168,215838.125426304
