TXNAME,barcode91
tx1_ENSG00000157168,0.133444031300539
tx2_ENSG00000157168,0.632958309548416
tx4_ENSG00000157168,0.0177595337247415
tx7_ENSG00000157168,0.215838125426304
