TXNAME,barcode90
tx1_ENSG00000157168,0.0150707653176376
tx2_ENSG00000157168,0.202914345767563
tx3_ENSG00000157168,0.00120992555186844
tx4_ENSG00000157168,0.776219596922131
tx5_ENSG00000157168,0.00458536644080026
