TXNAME,barcode90
tx1_ENSG00000157168,15070.7653176376
tx2_ENSG00000157168,202914.345767563
tx3_ENSG00000157168,1209.92555186844
tx4_ENSG00000157168,776219.596922131
tx5_ENSG00000157168,4585.36644080026
