TXNAME,barcode86
tx1_ENSG00000157168,0.127039114505392
tx2_ENSG00000157168,0.565794468238815
tx3_ENSG00000157168,0.0223620413850044
tx4_ENSG00000157168,0.0101768925125135
tx5_ENSG00000157168,0.257322307652614
tx6_ENSG00000157168,0.0034405800092884
tx7_ENSG00000157168,0.00147298622219929
tx8_ENSG00000157168,0.0123916094741731
