TXNAME,barcode86
tx1_ENSG00000157168,127039.114505392
tx2_ENSG00000157168,565794.468238815
tx3_ENSG00000157168,22362.0413850044
tx4_ENSG00000157168,10176.8925125135
tx5_ENSG00000157168,257322.307652614
tx6_ENSG00000157168,3440.5800092884
tx7_ENSG00000157168,1472.98622219929
tx8_ENSG00000157168,12391.6094741731
