TXNAME,barcode89
tx1_ENSG00000157168,0.00670816884250916
tx2_ENSG00000157168,0.266853028051734
tx3_ENSG00000157168,0.00182782737548902
tx4_ENSG00000157168,0.723113604483542
tx5_ENSG00000157168,0.00149737124672629
