TXNAME,barcode89
tx1_ENSG00000157168,6708.16884250916
tx2_ENSG00000157168,266853.028051734
tx3_ENSG00000157168,1827.82737548902
tx4_ENSG00000157168,723113.604483542
tx5_ENSG00000157168,1497.37124672629
