TXNAME,barcode85
tx1_ENSG00000157168,0.0524031148677156
tx2_ENSG00000157168,0.207313137234554
tx3_ENSG00000157168,0.00182394389772108
tx4_ENSG00000157168,0.542362523498418
tx5_ENSG00000157168,0.0101466451255186
tx6_ENSG00000157168,0.177958044817798
tx7_ENSG00000157168,0.00799259055827465
