TXNAME,barcode85
tx1_ENSG00000157168,52403.1148677156
tx2_ENSG00000157168,207313.137234554
tx3_ENSG00000157168,1823.94389772108
tx4_ENSG00000157168,542362.523498418
tx5_ENSG00000157168,10146.6451255186
tx6_ENSG00000157168,177958.044817798
tx7_ENSG00000157168,7992.59055827465
